<?xml version="1.0" encoding="UTF-8"?>
<beans xmlns="http://www.springframework.org/schema/beans"
	xmlns:xsi="http://www.w3.org/2001/XMLSchema-instance" xmlns:jdbc="http://www.springframework.org/schema/jdbc"
	xmlns:context="http://www.springframework.org/schema/context" xmlns:tx="http://www.springframework.org/schema/tx"
	xmlns:jpa="http://www.springframework.org/schema/data/jpa"
	xsi:schemaLocation="http://www.springframework.org/schema/jdbc		http://www.springframework.org/schema/jdbc/spring-jdbc-3.1.xsd
		http://www.springframework.org/schema/beans		http://www.springframework.org/schema/beans/spring-beans.xsd
		http://www.springframework.org/schema/tx/	http://www.springframework.org/schema/tx/spring-tx-3.2.xsd
		http://www.springframework.org/schema/context	http://www.springframework.org/schema/context/spring-context.xsd
		http://www.springframework.org/schema/mvc	http://www.springframework.org/schema/mvc/spring-mvc.xsd
		http://www.springframework.org/schema/data/jpa	http://www.springframework.org/schema/data/jpa/spring-jpa-1.2.xsd">


	<context:component-scan base-package="com.javainterviewpoint"></context:component-scan>
	<jpa:repositories base-package="com.javainterviewpoint"
		entity-manager-factory-ref="entityManagerFactoryBean"></jpa:repositories>
	<bean id="employeeServiceImpl" class="com.javainterviewpoint.EmployeeServiceImpl" />


	<!--EntityManagerFactory -->
	<bean id="entityManagerFactoryBean"
		class="org.springframework.orm.jpa.LocalContainerEntityManagerFactoryBean">
		<property name="dataSource" ref="dataSource" />
		<!-- This makes /META-INF/persistence.xml is no longer necessary -->
		<property name="packagesToScan" value="com.javainterviewpoint" />
		<property name="jpaVendorAdapter">
			<bean class="org.springframework.orm.jpa.vendor.HibernateJpaVendorAdapter" />
		</property>
		<property name="jpaProperties">
			<props>
				<prop key="hibernate.hbm2ddl.auto">update</prop>
				<prop key="hibernate.dialect">org.hibernate.dialect.Oracle10gDialect</prop>
			</props>
		</property>
	</bean>

	<bean id="dataSource"
		class="org.springframework.jdbc.datasource.DriverManagerDataSource">
		<property name="driverClassName" value="oracle.jdbc.driver.OracleDriver" />
		<property name="url" value="jdbc:oracle:thin:@rsh2:40051:eddev2" />
		<property name="username" value="root" />
		<property name="password" value="root" />
	</bean>


	<bean id="transactionManager" class="org.springframework.orm.jpa.JpaTransactionManager">
		<property name="entityManagerFactory" ref="entityManagerFactoryBean" />
	</bean>

	<tx:annotation-driven />

</beans>